floor,resource,income,sink,run_ratio
1,industry,36.0,86.0,0.42
1,food,33.7,45.2,0.74
1,science,26.3,23.0,1.14
1,dust,48.0,36.0,1.33
2,industry,25.3,102.0,0.33
2,food,25.3,45.2,0.65
2,science,25.3,23.0,1.12
2,dust,32.0,52.0,0.91
3,industry,30.2,102.0,0.32
3,food,30.2,45.2,0.66
3,science,34.1,23.0,1.24
3,dust,45.0,52.0,0.89
4,industry,38.6,120.0,0.32
4,food,38.6,45.2,0.71
4,science,42.9,23.0,1.4
4,dust,50.0,70.0,0.83
5,industry,45.6,120.0,0.33
5,food,45.6,45.2,0.77
5,science,51.9,23.0,1.57
5,dust,66.0,70.0,0.86
