hero,level,enemy,floor,enemy_hp,hero_dmg,hits_to_kill,ttk_enemy_s,ttk_hero_s,enemy_dps,hero_dps,exposure_s,hp_lost,hit_taken
warrior,0,goblin,1,6,4,2,2.4,13.0,2.0,3.33,1.8,3.6,2
mage,0,goblin,1,6,3,2,1.8,9.0,2.0,3.33,1.35,2.7,2
rogue,0,goblin,1,6,2,3,1.5,9.0,2.0,4.0,1.25,2.5,2
tank,0,goblin,1,6,3,2,2.6,20.0,2.0,2.31,1.95,3.9,2
warrior,0,skelet,1,6,4,2,2.4,13.0,2.0,3.33,1.8,3.6,2
mage,0,skelet,1,6,3,2,1.8,9.0,2.0,3.33,1.35,2.7,2
rogue,0,skelet,1,6,2,3,1.5,9.0,2.0,4.0,1.25,2.5,2
tank,0,skelet,1,6,3,2,2.6,20.0,2.0,2.31,1.95,3.9,2
warrior,0,tiny_zombie,1,8,4,2,2.4,26.0,1.0,3.33,1.8,1.8,1
mage,0,tiny_zombie,1,8,3,3,2.7,18.0,1.0,3.33,2.25,2.25,1
rogue,0,tiny_zombie,1,8,2,4,2.0,18.0,1.0,4.0,1.75,1.75,1
tank,0,tiny_zombie,1,8,3,3,3.9,40.0,1.0,2.31,3.25,3.25,1
warrior,1,goblin,2,7,5,2,2.28,15.0,2.0,4.39,1.71,3.42,2
mage,1,goblin,2,7,4,2,1.71,11.0,2.0,4.68,1.28,2.57,2
rogue,1,goblin,2,7,3,3,1.42,11.0,2.0,6.32,1.19,2.38,2
tank,1,goblin,2,7,4,2,2.47,22.0,2.0,3.24,1.85,3.7,2
warrior,1,skelet,2,7,5,2,2.28,15.0,2.0,4.39,1.71,3.42,2
mage,1,skelet,2,7,4,2,1.71,11.0,2.0,4.68,1.28,2.57,2
rogue,1,skelet,2,7,3,3,1.42,11.0,2.0,6.32,1.19,2.38,2
tank,1,skelet,2,7,4,2,2.47,22.0,2.0,3.24,1.85,3.7,2
warrior,1,tiny_zombie,2,9,5,2,2.28,30.0,1.0,4.39,1.71,1.71,1
mage,1,tiny_zombie,2,9,4,3,2.57,22.0,1.0,4.68,2.14,2.14,1
rogue,1,tiny_zombie,2,9,3,3,1.42,22.0,1.0,6.32,1.19,1.19,1
tank,1,tiny_zombie,2,9,4,3,3.7,44.0,1.0,3.24,3.09,3.09,1
warrior,1,imp,2,6,5,2,2.28,15.0,2.0,4.39,1.71,3.42,2
mage,1,imp,2,6,4,2,1.71,11.0,2.0,4.68,1.28,2.57,2
rogue,1,imp,2,6,3,2,0.95,11.0,2.0,6.32,0.71,1.42,2
tank,1,imp,2,6,4,2,2.47,22.0,2.0,3.24,1.85,3.7,2
warrior,1,masked_orc,2,9,5,2,2.28,15.0,2.0,4.39,1.71,3.42,2
mage,1,masked_orc,2,9,4,3,2.57,11.0,2.0,4.68,2.14,4.28,2
rogue,1,masked_orc,2,9,3,3,1.42,11.0,2.0,6.32,1.19,2.38,2
tank,1,masked_orc,2,9,4,3,3.7,22.0,2.0,3.24,3.09,6.17,2
warrior,1,tc_eyeball,2,9,5,2,2.28,15.0,2.0,4.39,1.71,3.42,2
mage,1,tc_eyeball,2,9,4,3,2.57,8.0,3.0,4.68,2.14,6.41,3
rogue,1,tc_eyeball,2,9,3,3,1.42,8.0,3.0,6.32,1.19,3.56,3
tank,1,tc_eyeball,2,9,4,3,3.7,15.0,3.0,3.24,3.09,9.26,3
warrior,2,skelet,3,8,6,2,2.16,17.0,2.0,5.56,1.62,3.24,2
mage,2,skelet,3,8,5,2,1.62,13.0,2.0,6.17,1.22,2.43,2
rogue,2,skelet,3,8,4,2,0.9,13.0,2.0,8.89,0.68,1.35,2
tank,2,skelet,3,8,5,2,2.34,24.0,2.0,4.27,1.76,3.51,2
warrior,2,imp,3,7,6,2,2.16,17.0,2.0,5.56,1.62,3.24,2
mage,2,imp,3,7,5,2,1.62,13.0,2.0,6.17,1.22,2.43,2
rogue,2,imp,3,7,4,2,0.9,13.0,2.0,8.89,0.68,1.35,2
tank,2,imp,3,7,5,2,2.34,24.0,2.0,4.27,1.76,3.51,2
warrior,2,masked_orc,3,10,6,2,2.16,17.0,2.0,5.56,1.62,3.24,2
mage,2,masked_orc,3,10,5,2,1.62,9.0,3.0,6.17,1.22,3.65,3
rogue,2,masked_orc,3,10,4,3,1.35,9.0,3.0,8.89,1.13,3.38,3
tank,2,masked_orc,3,10,5,2,2.34,16.0,3.0,4.27,1.76,5.27,3
warrior,2,orc_warrior,3,11,6,2,2.16,17.0,2.0,5.56,1.62,3.24,2
mage,2,orc_warrior,3,11,5,3,2.43,9.0,3.0,6.17,2.03,6.08,3
rogue,2,orc_warrior,3,11,4,3,1.35,9.0,3.0,8.89,1.13,3.38,3
tank,2,orc_warrior,3,11,5,3,3.51,16.0,3.0,4.27,2.93,8.78,3
warrior,2,orc_shaman,3,10,6,2,2.16,12.0,3.0,5.56,1.62,4.86,3
mage,2,orc_shaman,3,10,5,2,1.62,7.0,4.0,6.17,1.22,4.86,4
rogue,2,orc_shaman,3,10,4,3,1.35,7.0,4.0,8.89,1.13,4.5,4
tank,2,orc_shaman,3,10,5,2,2.34,12.0,4.0,4.27,1.76,7.02,4
warrior,2,tc_wolf,3,9,6,2,2.16,17.0,2.0,5.56,1.62,3.24,2
mage,2,tc_wolf,3,9,5,2,1.62,9.0,3.0,6.17,1.22,3.65,3
rogue,2,tc_wolf,3,9,4,3,1.35,9.0,3.0,8.89,1.13,3.38,3
tank,2,tc_wolf,3,9,5,2,2.34,16.0,3.0,4.27,1.76,5.27,3
warrior,2,tc_fire_skull,3,13,6,3,3.24,34.0,1.0,5.56,2.7,2.7,1
mage,2,tc_fire_skull,3,13,5,3,2.43,26.0,1.0,6.17,2.03,2.03,1
rogue,2,tc_fire_skull,3,13,4,4,1.8,26.0,1.0,8.89,1.58,1.58,1
tank,2,tc_fire_skull,3,13,5,3,3.51,48.0,1.0,4.27,2.93,2.93,1
warrior,3,masked_orc,4,11,7,2,2.04,19.0,2.0,6.86,1.53,3.06,2
mage,3,masked_orc,4,11,6,2,1.53,10.0,3.0,7.84,1.15,3.44,3
rogue,3,masked_orc,4,11,5,3,1.27,10.0,3.0,11.76,1.06,3.19,3
tank,3,masked_orc,4,11,6,2,2.21,18.0,3.0,5.43,1.66,4.97,3
warrior,3,orc_warrior,4,12,7,2,2.04,19.0,2.0,6.86,1.53,3.06,2
mage,3,orc_warrior,4,12,6,2,1.53,10.0,3.0,7.84,1.15,3.44,3
rogue,3,orc_warrior,4,12,5,3,1.27,10.0,3.0,11.76,1.06,3.19,3
tank,3,orc_warrior,4,12,6,2,2.21,18.0,3.0,5.43,1.66,4.97,3
warrior,3,chort,4,13,7,2,2.04,19.0,2.0,6.86,1.53,3.06,2
mage,3,chort,4,13,6,3,2.3,10.0,3.0,7.84,1.91,5.74,3
rogue,3,chort,4,13,5,3,1.27,10.0,3.0,11.76,1.06,3.19,3
tank,3,chort,4,13,6,3,3.32,18.0,3.0,5.43,2.76,8.29,3
warrior,3,wogol,4,15,7,3,3.06,10.0,4.0,6.86,2.55,10.2,4
mage,3,wogol,4,15,6,3,2.3,6.0,5.0,7.84,1.91,9.56,5
rogue,3,wogol,4,15,5,3,1.27,6.0,5.0,11.76,1.06,5.31,5
tank,3,wogol,4,15,6,3,3.32,11.0,5.0,5.43,2.76,13.81,5
warrior,3,big_zombie,4,32,7,5,5.1,19.0,2.0,6.86,4.59,9.18,2
mage,3,big_zombie,4,32,6,6,4.59,15.0,2.0,7.84,4.21,8.42,2
rogue,3,big_zombie,4,32,5,7,2.98,15.0,2.0,11.76,2.76,5.52,2
tank,3,big_zombie,4,32,6,6,6.63,26.0,2.0,5.43,6.08,12.16,2
warrior,3,tc_ogre,4,25,7,4,4.08,19.0,2.0,6.86,3.57,7.14,2
mage,3,tc_ogre,4,25,6,5,3.83,15.0,2.0,7.84,3.44,6.89,2
rogue,3,tc_ogre,4,25,5,5,2.13,15.0,2.0,11.76,1.91,3.82,2
tank,3,tc_ogre,4,25,6,5,5.53,26.0,2.0,5.43,4.97,9.95,2
warrior,3,tc_red_imp,4,10,7,2,2.04,19.0,2.0,6.86,1.53,3.06,2
mage,3,tc_red_imp,4,10,6,2,1.53,10.0,3.0,7.84,1.15,3.44,3
rogue,3,tc_red_imp,4,10,5,2,0.85,10.0,3.0,11.76,0.64,1.91,3
tank,3,tc_red_imp,4,10,6,2,2.21,18.0,3.0,5.43,1.66,4.97,3
warrior,3,tc_wolf,4,10,7,2,2.04,19.0,2.0,6.86,1.53,3.06,2
mage,3,tc_wolf,4,10,6,2,1.53,10.0,3.0,7.84,1.15,3.44,3
rogue,3,tc_wolf,4,10,5,2,0.85,10.0,3.0,11.76,0.64,1.91,3
tank,3,tc_wolf,4,10,6,2,2.21,18.0,3.0,5.43,1.66,4.97,3
warrior,4,chort,5,14,8,2,1.92,21.0,2.0,8.33,1.44,2.88,2
mage,4,chort,5,14,7,2,1.44,12.0,3.0,9.72,1.08,3.24,3
rogue,4,chort,5,14,6,3,1.2,12.0,3.0,15.0,1.0,3.0,3
tank,4,chort,5,14,7,2,2.08,19.0,3.0,6.73,1.56,4.68,3
warrior,4,orc_warrior,5,13,8,2,1.92,21.0,2.0,8.33,1.44,2.88,2
mage,4,orc_warrior,5,13,7,2,1.44,12.0,3.0,9.72,1.08,3.24,3
rogue,4,orc_warrior,5,13,6,3,1.2,12.0,3.0,15.0,1.0,3.0,3
tank,4,orc_warrior,5,13,7,2,2.08,19.0,3.0,6.73,1.56,4.68,3
warrior,4,ogre,5,40,8,5,4.8,21.0,2.0,8.33,4.32,8.64,2
mage,4,ogre,5,40,7,6,4.32,17.0,2.0,9.72,3.96,7.92,2
rogue,4,ogre,5,40,6,7,2.8,17.0,2.0,15.0,2.6,5.2,2
tank,4,ogre,5,40,7,6,6.24,28.0,2.0,6.73,5.72,11.44,2
warrior,4,big_demon,5,28,8,4,3.84,9.0,5.0,8.33,3.36,16.8,5
mage,4,big_demon,5,28,7,4,2.88,6.0,6.0,9.72,2.52,15.12,6
rogue,4,big_demon,5,28,6,5,2.0,6.0,6.0,15.0,1.8,10.8,6
tank,4,big_demon,5,28,7,4,4.16,10.0,6.0,6.73,3.64,21.84,6
warrior,4,necromancer,5,19,8,3,2.88,9.0,5.0,8.33,2.4,12.0,5
mage,4,necromancer,5,19,7,3,2.16,6.0,6.0,9.72,1.8,10.8,6
rogue,4,necromancer,5,19,6,4,1.6,6.0,6.0,15.0,1.4,8.4,6
tank,4,necromancer,5,19,7,3,3.12,10.0,6.0,6.73,2.6,15.6,6
warrior,4,tc_dragon,5,24,8,3,2.88,9.0,5.0,8.33,2.4,12.0,5
mage,4,tc_dragon,5,24,7,4,2.88,6.0,6.0,9.72,2.52,15.12,6
rogue,4,tc_dragon,5,24,6,4,1.6,6.0,6.0,15.0,1.4,8.4,6
tank,4,tc_dragon,5,24,7,4,4.16,10.0,6.0,6.73,3.64,21.84,6
warrior,4,tc_demon,5,15,8,2,1.92,14.0,3.0,8.33,1.44,4.32,3
mage,4,tc_demon,5,15,7,3,2.16,9.0,4.0,9.72,1.8,7.2,4
rogue,4,tc_demon,5,15,6,3,1.2,9.0,4.0,15.0,1.0,4.0,4
tank,4,tc_demon,5,15,7,3,3.12,14.0,4.0,6.73,2.6,10.4,4
warrior,4,tc_ogre,5,28,8,4,3.84,21.0,2.0,8.33,3.36,6.72,2
mage,4,tc_ogre,5,28,7,4,2.88,17.0,2.0,9.72,2.52,5.04,2
rogue,4,tc_ogre,5,28,6,5,2.0,17.0,2.0,15.0,1.8,3.6,2
tank,4,tc_ogre,5,28,7,4,4.16,28.0,2.0,6.73,3.64,7.28,2
