hero,level,enemy,floor,enemy_hp,hero_dmg,hits_to_kill,ttk_enemy_s,ttk_hero_s,enemy_dps,hero_dps,hp_lost,hit_taken
warrior,0,goblin,1,6,4,2,2.4,13.0,2.0,3.33,4,2
mage,0,goblin,1,6,3,2,1.8,8.0,2.0,3.33,2,2
rogue,0,goblin,1,6,2,3,1.5,9.0,2.0,4.0,2,2
tank,0,goblin,1,6,2,3,3.9,18.0,2.0,1.54,6,2
warrior,0,skelet,1,7,4,2,2.4,13.0,2.0,3.33,4,2
mage,0,skelet,1,7,3,3,2.7,8.0,2.0,3.33,4,2
rogue,0,skelet,1,7,2,4,2.0,9.0,2.0,4.0,4,2
tank,0,skelet,1,7,2,4,5.2,18.0,2.0,1.54,10,2
warrior,0,tiny_zombie,1,9,4,3,3.6,26.0,1.0,3.33,3,1
mage,0,tiny_zombie,1,9,3,3,2.7,16.0,1.0,3.33,2,1
rogue,0,tiny_zombie,1,9,2,5,2.5,18.0,1.0,4.0,2,1
tank,0,tiny_zombie,1,9,2,5,6.5,36.0,1.0,1.54,6,1
warrior,1,goblin,2,8,5,2,2.28,15.0,2.0,4.39,4,2
mage,1,goblin,2,8,4,2,1.71,10.0,2.0,4.68,2,2
rogue,1,goblin,2,8,3,3,1.42,11.0,2.0,6.32,2,2
tank,1,goblin,2,8,3,3,3.7,20.0,2.0,2.43,6,2
warrior,1,skelet,2,9,5,2,2.28,15.0,2.0,4.39,4,2
mage,1,skelet,2,9,4,3,2.57,10.0,2.0,4.68,4,2
rogue,1,skelet,2,9,3,3,1.42,11.0,2.0,6.32,2,2
tank,1,skelet,2,9,3,3,3.7,20.0,2.0,2.43,6,2
warrior,1,tiny_zombie,2,11,5,3,3.42,30.0,1.0,4.39,3,1
mage,1,tiny_zombie,2,11,4,3,2.57,20.0,1.0,4.68,2,1
rogue,1,tiny_zombie,2,11,3,4,1.9,22.0,1.0,6.32,1,1
tank,1,tiny_zombie,2,11,3,4,4.94,40.0,1.0,2.43,4,1
warrior,1,imp,2,6,5,2,2.28,10.0,3.0,4.39,6,3
mage,1,imp,2,6,4,2,1.71,7.0,3.0,4.68,3,3
rogue,1,imp,2,6,3,2,0.95,8.0,3.0,6.32,0,3
tank,1,imp,2,6,3,2,2.47,14.0,3.0,2.43,6,3
warrior,1,masked_orc,2,11,5,3,3.42,10.0,3.0,4.39,9,3
mage,1,masked_orc,2,11,4,3,2.57,7.0,3.0,4.68,6,3
rogue,1,masked_orc,2,11,3,4,1.9,8.0,3.0,6.32,3,3
tank,1,masked_orc,2,11,3,4,4.94,14.0,3.0,2.43,12,3
warrior,1,tc_eyeball,2,10,5,2,2.28,8.0,4.0,4.39,8,4
mage,1,tc_eyeball,2,10,4,3,2.57,5.0,4.0,4.68,8,4
rogue,1,tc_eyeball,2,10,3,4,1.9,6.0,4.0,6.32,4,4
tank,1,tc_eyeball,2,10,3,4,4.94,10.0,4.0,2.43,16,4
warrior,2,skelet,3,11,6,2,2.16,12.0,3.0,5.56,6,3
mage,2,skelet,3,11,5,3,2.43,8.0,3.0,6.17,6,3
rogue,2,skelet,3,11,4,3,1.35,9.0,3.0,8.89,3,3
tank,2,skelet,3,11,4,3,3.51,15.0,3.0,3.42,9,3
warrior,2,imp,3,7,6,2,2.16,12.0,3.0,5.56,6,3
mage,2,imp,3,7,5,2,1.62,8.0,3.0,6.17,3,3
rogue,2,imp,3,7,4,2,0.9,9.0,3.0,8.89,0,3
tank,2,imp,3,7,4,2,2.34,15.0,3.0,3.42,6,3
warrior,2,masked_orc,3,14,6,3,3.24,12.0,3.0,5.56,9,3
mage,2,masked_orc,3,14,5,3,2.43,8.0,3.0,6.17,6,3
rogue,2,masked_orc,3,14,4,4,1.8,9.0,3.0,8.89,3,3
tank,2,masked_orc,3,14,4,4,4.68,15.0,3.0,3.42,12,3
warrior,2,orc_warrior,3,14,6,3,3.24,9.0,4.0,5.56,12,4
mage,2,orc_warrior,3,14,5,3,2.43,6.0,4.0,6.17,8,4
rogue,2,orc_warrior,3,14,4,4,1.8,7.0,4.0,8.89,4,4
tank,2,orc_warrior,3,14,4,4,4.68,11.0,4.0,3.42,16,4
warrior,2,orc_shaman,3,12,6,2,2.16,6.0,6.0,5.56,12,6
mage,2,orc_shaman,3,12,5,3,2.43,4.0,6.0,6.17,12,6
rogue,2,orc_shaman,3,12,4,3,1.35,5.0,6.0,8.89,6,6
tank,2,orc_shaman,3,12,4,3,3.51,8.0,6.0,3.42,18,6
warrior,2,tc_wolf,3,11,6,2,2.16,12.0,3.0,5.56,6,3
mage,2,tc_wolf,3,11,5,3,2.43,8.0,3.0,6.17,6,3
rogue,2,tc_wolf,3,11,4,3,1.35,9.0,3.0,8.89,3,3
tank,2,tc_wolf,3,11,4,3,3.51,15.0,3.0,3.42,9,3
warrior,2,tc_fire_skull,3,15,6,3,3.24,17.0,2.0,5.56,6,2
mage,2,tc_fire_skull,3,15,5,3,2.43,12.0,2.0,6.17,4,2
rogue,2,tc_fire_skull,3,15,4,4,1.8,13.0,2.0,8.89,2,2
tank,2,tc_fire_skull,3,15,4,4,4.68,22.0,2.0,3.42,8,2
warrior,3,masked_orc,4,16,7,3,3.06,10.0,4.0,6.86,12,4
mage,3,masked_orc,4,16,6,3,2.3,7.0,4.0,7.84,8,4
rogue,3,masked_orc,4,16,5,4,1.7,8.0,4.0,11.76,4,4
tank,3,masked_orc,4,16,5,4,4.42,12.0,4.0,4.52,16,4
warrior,3,orc_warrior,4,17,7,3,3.06,10.0,4.0,6.86,12,4
mage,3,orc_warrior,4,17,6,3,2.3,7.0,4.0,7.84,8,4
rogue,3,orc_warrior,4,17,5,4,1.7,8.0,4.0,11.76,4,4
tank,3,orc_warrior,4,17,5,4,4.42,12.0,4.0,4.52,16,4
warrior,3,chort,4,19,7,3,3.06,10.0,4.0,6.86,12,4
mage,3,chort,4,19,6,4,3.06,7.0,4.0,7.84,12,4
rogue,3,chort,4,19,5,4,1.7,8.0,4.0,11.76,4,4
tank,3,chort,4,19,5,4,4.42,12.0,4.0,4.52,16,4
warrior,3,wogol,4,21,7,3,3.06,6.0,7.0,6.86,21,7
mage,3,wogol,4,21,6,4,3.06,4.0,7.0,7.84,21,7
rogue,3,wogol,4,21,5,5,2.13,5.0,7.0,11.76,14,7
tank,3,wogol,4,21,5,5,5.53,7.0,7.0,4.52,35,7
warrior,3,big_zombie,4,53,7,8,8.16,19.0,2.0,6.86,16,2
mage,3,big_zombie,4,53,6,9,6.89,14.0,2.0,7.84,12,2
rogue,3,big_zombie,4,53,5,11,4.68,15.0,2.0,11.76,8,2
tank,3,big_zombie,4,53,5,11,12.16,24.0,2.0,4.52,24,2
warrior,3,tc_ogre,4,39,7,6,6.12,13.0,3.0,6.86,18,3
mage,3,tc_ogre,4,39,6,7,5.36,10.0,3.0,7.84,15,3
rogue,3,tc_ogre,4,39,5,8,3.4,10.0,3.0,11.76,9,3
tank,3,tc_ogre,4,39,5,8,8.84,16.0,3.0,4.52,24,3
warrior,3,tc_red_imp,4,13,7,2,2.04,8.0,5.0,6.86,10,5
mage,3,tc_red_imp,4,13,6,3,2.3,6.0,5.0,7.84,10,5
rogue,3,tc_red_imp,4,13,5,3,1.27,6.0,5.0,11.76,5,5
tank,3,tc_red_imp,4,13,5,3,3.32,10.0,5.0,4.52,15,5
warrior,3,tc_wolf,4,13,7,2,2.04,10.0,4.0,6.86,8,4
mage,3,tc_wolf,4,13,6,3,2.3,7.0,4.0,7.84,8,4
rogue,3,tc_wolf,4,13,5,3,1.27,8.0,4.0,11.76,4,4
tank,3,tc_wolf,4,13,5,3,3.32,12.0,4.0,4.52,12,4
warrior,4,chort,5,22,8,3,2.88,9.0,5.0,8.33,10,5
mage,4,chort,5,22,7,4,2.88,7.0,5.0,9.72,10,5
rogue,4,chort,5,22,6,4,1.6,7.0,5.0,15.0,5,5
tank,4,chort,5,22,6,4,4.16,11.0,5.0,5.77,20,5
warrior,4,orc_warrior,5,19,8,3,2.88,9.0,5.0,8.33,10,5
mage,4,orc_warrior,5,19,7,3,2.16,7.0,5.0,9.72,10,5
rogue,4,orc_warrior,5,19,6,4,1.6,7.0,5.0,15.0,5,5
tank,4,orc_warrior,5,19,6,4,4.16,11.0,5.0,5.77,20,5
warrior,4,ogre,5,70,8,9,8.64,14.0,3.0,8.33,24,3
mage,4,ogre,5,70,7,10,7.2,11.0,3.0,9.72,21,3
rogue,4,ogre,5,70,6,12,4.8,12.0,3.0,15.0,12,3
tank,4,ogre,5,70,6,12,12.48,18.0,3.0,5.77,36,3
warrior,4,big_demon,5,48,8,6,5.76,4.0,11.0,8.33,55,11
mage,4,big_demon,5,48,7,7,5.04,3.0,11.0,9.72,55,11
rogue,4,big_demon,5,48,6,8,3.2,4.0,11.0,15.0,33,11
tank,4,big_demon,5,48,6,8,8.32,5.0,11.0,5.77,88,11
warrior,4,necromancer,5,29,8,4,3.84,4.0,11.0,8.33,33,11
mage,4,necromancer,5,29,7,5,3.6,3.0,11.0,9.72,33,11
rogue,4,necromancer,5,29,6,5,2.0,4.0,11.0,15.0,22,11
tank,4,necromancer,5,29,6,5,5.2,5.0,11.0,5.77,55,11
warrior,4,tc_dragon,5,40,8,5,4.8,4.0,11.0,8.33,44,11
mage,4,tc_dragon,5,40,7,6,4.32,3.0,11.0,9.72,44,11
rogue,4,tc_dragon,5,40,6,7,2.8,4.0,11.0,15.0,22,11
tank,4,tc_dragon,5,40,6,7,7.28,5.0,11.0,5.77,77,11
warrior,4,tc_demon,5,24,8,3,2.88,7.0,6.0,8.33,12,6
mage,4,tc_demon,5,24,7,4,2.88,6.0,6.0,9.72,12,6
rogue,4,tc_demon,5,24,6,4,1.6,6.0,6.0,15.0,6,6
tank,4,tc_demon,5,24,6,4,4.16,9.0,6.0,5.77,24,6
warrior,4,tc_ogre,5,44,8,6,5.76,14.0,3.0,8.33,15,3
mage,4,tc_ogre,5,44,7,7,5.04,11.0,3.0,9.72,15,3
rogue,4,tc_ogre,5,44,6,8,3.2,12.0,3.0,15.0,9,3
tank,4,tc_ogre,5,44,6,8,8.32,18.0,3.0,5.77,24,3
